Iteration,empty,normal,H,G,GH,A,AH,AG,AGH
0,2450,50,0,0,0,0,0,0,0
1,2450,50,0,0,0,0,0,0,0
2,2450,50,0,0,0,0,0,0,0
3,2450,50,0,0,0,0,0,0,0
4,2450,50,0,0,0,0,0,0,0
5,2450,50,0,0,0,0,0,0,0
6,2450,50,0,0,0,0,0,0,0
7,2450,50,0,0,0,0,0,0,0
8,2450,50,0,0,0,0,0,0,0
9,2450,50,0,0,0,0,0,0,0
10,2450,50,0,0,0,0,0,0,0
11,2451,49,0,0,0,0,0,0,0
12,2451,49,0,0,0,0,0,0,0
13,2451,49,0,0,0,0,0,0,0
14,2451,49,0,0,0,0,0,0,0
15,2450,50,0,0,0,0,0,0,0
16,2451,49,0,0,0,0,0,0,0
17,2450,50,0,0,0,0,0,0,0
18,2450,50,0,0,0,0,0,0,0
19,2450,50,0,0,0,0,0,0,0
20,2451,49,0,0,0,0,0,0,0
21,2450,50,0,0,0,0,0,0,0
22,2451,49,0,0,0,0,0,0,0
23,2451,49,0,0,0,0,0,0,0
24,2452,48,0,0,0,0,0,0,0
25,2451,49,0,0,0,0,0,0,0
26,2450,50,0,0,0,0,0,0,0
27,2450,50,0,0,0,0,0,0,0
28,2450,50,0,0,0,0,0,0,0
29,2450,50,0,0,0,0,0,0,0
30,2450,50,0,0,0,0,0,0,0
31,2451,49,0,0,0,0,0,0,0
32,2451,49,0,0,0,0,0,0,0
33,2450,50,0,0,0,0,0,0,0
34,2450,50,0,0,0,0,0,0,0
35,2450,50,0,0,0,0,0,0,0
36,2451,49,0,0,0,0,0,0,0
37,2450,50,0,0,0,0,0,0,0
38,2450,50,0,0,0,0,0,0,0
39,2450,50,0,0,0,0,0,0,0
40,2450,49,1,0,0,0,0,0,0
41,2449,50,1,0,0,0,0,0,0
42,2448,50,2,0,0,0,0,0,0
43,2448,50,2,0,0,0,0,0,0
44,2446,50,4,0,0,0,0,0,0
45,2446,50,4,0,0,0,0,0,0
46,2442,50,8,0,0,0,0,0,0
47,2442,50,8,0,0,0,0,0,0
48,2437,50,13,0,0,0,0,0,0
49,2437,50,13,0,0,0,0,0,0
50,2433,50,17,0,0,0,0,0,0
51,2430,50,20,0,0,0,0,0,0
52,2426,50,24,0,0,0,0,0,0
53,2423,50,27,0,0,0,0,0,0
54,2417,49,34,0,0,0,0,0,0
55,2414,49,37,0,0,0,0,0,0
56,2408,49,43,0,0,0,0,0,0
57,2404,49,47,0,0,0,0,0,0
58,2398,49,53,0,0,0,0,0,0
59,2394,49,57,0,0,0,0,0,0
60,2389,49,62,0,0,0,0,0,0
61,2384,49,67,0,0,0,0,0,0
62,2375,49,76,0,0,0,0,0,0
63,2372,48,80,0,0,0,0,0,0
64,2363,48,89,0,0,0,0,0,0
65,2360,48,92,0,0,0,0,0,0
66,2353,48,99,0,0,0,0,0,0
67,2353,48,99,0,0,0,0,0,0
68,2339,48,113,0,0,0,0,0,0
69,2334,47,119,0,0,0,0,0,0
70,2319,46,135,0,0,0,0,0,0
71,2314,47,139,0,0,0,0,0,0
72,2292,47,161,0,0,0,0,0,0
73,2291,47,162,0,0,0,0,0,0
74,2279,46,174,0,0,1,0,0,0
75,2266,46,187,0,0,1,0,0,0
76,2257,46,196,0,0,1,0,0,0
77,2246,46,207,0,0,1,0,0,0
78,2230,46,223,0,0,1,0,0,0
79,2224,46,229,0,0,1,0,0,0
80,2213,46,240,0,0,1,0,0,0
81,2201,46,252,0,0,1,0,0,0
82,2196,46,257,0,0,1,0,0,0
83,2181,45,273,0,0,1,0,0,0
84,2164,45,290,0,0,1,0,0,0
85,2160,46,293,0,0,1,0,0,0
86,2151,46,302,0,0,1,0,0,0
87,2139,46,314,0,0,1,0,0,0
88,2125,46,328,0,0,1,0,0,0
89,2118,46,335,0,0,1,0,0,0
90,2117,45,337,0,0,1,0,0,0
91,2107,45,347,0,0,1,0,0,0
92,2101,45,353,0,0,1,0,0,0
93,2096,45,358,0,0,1,0,0,0
94,2087,45,367,0,0,1,0,0,0
95,2085,44,370,0,0,1,0,0,0
96,2070,44,385,0,0,1,0,0,0
97,2058,45,396,0,0,1,0,0,0
98,2056,44,399,0,0,1,0,0,0
99,2046,44,409,0,0,1,0,0,0
100,2035,43,421,0,0,1,0,0,0
101,2032,43,424,0,0,1,0,0,0
102,2035,43,421,0,0,1,0,0,0
103,2022,43,434,0,0,1,0,0,0
104,2019,43,437,0,0,1,0,0,0
105,2016,42,441,0,0,1,0,0,0
106,2014,42,443,0,0,1,0,0,0
107,2021,41,437,0,0,1,0,0,0
108,2019,41,439,0,0,1,0,0,0
109,2006,41,452,0,0,1,0,0,0
110,2004,40,455,0,0,1,0,0,0
111,2012,40,447,0,0,1,0,0,0
112,2005,39,455,0,0,1,0,0,0
113,1995,39,465,0,0,1,0,0,0
114,1995,39,464,0,1,1,0,0,0
115,1990,39,469,0,1,1,0,0,0
116,1980,39,479,0,1,1,0,0,0
117,1974,38,486,0,1,1,0,0,0
118,1988,38,472,0,1,1,0,0,0
119,1990,37,471,0,1,1,0,0,0
120,1986,37,475,0,1,1,0,0,0
121,1977,37,484,0,1,1,0,0,0
122,1981,35,482,0,1,1,0,0,0
123,1984,35,479,0,1,1,0,0,0
124,1997,36,465,0,1,1,0,0,0
125,1986,36,477,0,0,1,0,0,0
126,1971,36,492,0,0,1,0,0,0
127,1966,35,498,0,0,1,0,0,0
128,1965,35,498,0,1,1,0,0,0
129,1960,34,504,0,1,1,0,0,0
130,1960,34,504,0,1,1,0,0,0
131,1957,34,507,0,1,1,0,0,0
132,1953,34,511,0,1,1,0,0,0
133,1942,34,522,0,1,1,0,0,0
134,1944,34,520,0,1,1,0,0,0
135,1947,34,517,0,1,1,0,0,0
136,1947,34,516,0,2,1,0,0,0
137,1938,34,525,0,2,1,0,0,0
138,1934,34,529,0,2,1,0,0,0
139,1936,34,528,0,1,1,0,0,0
140,1943,34,521,0,1,1,0,0,0
141,1940,34,524,0,1,1,0,0,0
142,1934,34,529,0,1,1,1,0,0
143,1931,34,532,0,1,1,1,0,0
144,1936,34,526,0,2,1,1,0,0
145,1938,34,524,0,2,1,1,0,0
146,1950,34,511,0,3,1,1,0,0
147,1959,34,501,0,3,1,2,0,0
148,1961,34,500,0,3,0,2,0,0
149,1954,34,508,0,2,0,2,0,0
150,1958,33,505,0,2,0,2,0,0
151,1962,33,499,0,4,0,2,0,0
152,1979,33,482,0,4,0,2,0,0
153,1979,31,482,0,6,0,2,0,0
154,1995,31,467,0,5,0,2,0,0
155,1986,31,477,0,4,0,2,0,0
156,1987,31,476,0,4,0,2,0,0
157,1986,31,477,0,4,0,2,0,0
158,1981,30,483,0,4,0,2,0,0
159,1992,30,472,0,4,0,2,0,0
160,1986,30,477,0,5,0,2,0,0
161,1980,30,483,0,5,0,2,0,0
162,1972,30,491,0,5,0,2,0,0
163,1982,30,482,0,4,0,2,0,0
164,1990,30,473,0,5,0,2,0,0
165,2002,30,460,0,6,0,2,0,0
166,2008,30,455,0,5,0,2,0,0
167,2019,28,446,0,5,0,2,0,0
168,2018,27,447,0,6,0,2,0,0
169,2006,27,458,0,7,0,2,0,0
170,2023,27,441,0,7,0,2,0,0
171,2024,27,441,0,6,0,2,0,0
172,2027,27,438,0,6,0,2,0,0
173,2033,27,433,0,5,0,2,0,0
174,2029,28,436,0,5,0,2,0,0
175,2032,28,431,0,6,0,3,0,0
176,2038,28,426,0,4,0,4,0,0
177,2037,27,425,0,7,0,4,0,0
178,2021,27,440,0,8,0,4,0,0
179,2026,25,438,0,7,0,4,0,0
180,2019,25,444,0,9,0,3,0,0
181,2009,26,455,0,7,0,3,0,0
182,2026,25,438,0,7,0,4,0,0
183,2016,25,446,0,9,0,4,0,0
184,2027,25,435,0,9,0,4,0,0
185,2017,25,445,0,8,0,5,0,0
186,2021,26,439,0,9,0,5,0,0
187,2026,26,433,0,10,0,5,0,0
188,2029,26,430,0,10,0,5,0,0
189,2032,25,429,0,9,0,5,0,0
190,2036,25,425,0,9,0,5,0,0
191,2045,24,419,0,7,0,5,0,0
192,2037,24,425,0,9,0,5,0,0
193,2038,24,424,0,9,0,5,0,0
194,2057,24,406,0,8,0,5,0,0
195,2057,24,405,0,10,0,4,0,0
196,2055,24,405,0,12,0,4,0,0
197,2057,25,402,0,12,0,4,0,0
198,2057,24,400,0,15,0,4,0,0
199,2063,24,394,0,15,0,4,0,0
200,2065,24,392,0,15,0,4,0,0
201,2074,25,386,0,12,0,3,0,0
202,2061,25,399,0,12,0,3,0,0
203,2070,25,389,0,13,0,3,0,0
204,2068,25,391,0,13,0,3,0,0
205,2067,24,392,0,14,0,3,0,0
206,2077,23,384,0,13,0,3,0,0
207,2086,23,374,0,14,0,3,0,0
208,2071,23,387,0,16,0,3,0,0
209,2080,22,380,0,14,0,4,0,0
210,2083,22,373,0,18,0,4,0,0
211,2087,22,369,0,17,0,5,0,0
212,2089,22,370,0,14,0,5,0,0
213,2101,19,361,0,13,0,6,0,0
214,2103,19,355,0,16,0,7,0,0
215,2102,19,356,0,15,0,8,0,0
216,2104,19,354,0,15,0,8,0,0
217,2093,18,364,0,17,0,8,0,0
218,2100,18,356,0,19,0,7,0,0
219,2104,18,354,0,17,0,7,0,0
220,2106,17,351,0,18,0,8,0,0
221,2109,16,349,0,18,0,8,0,0
222,2116,17,340,0,19,0,8,0,0
223,2121,17,334,0,20,0,8,0,0
224,2119,16,337,0,20,0,8,0,0
225,2125,16,330,0,21,0,8,0,0
226,2139,15,320,0,18,0,8,0,0
227,2151,15,308,0,18,0,8,0,0
228,2137,15,319,0,20,0,9,0,0
229,2149,15,309,0,18,0,9,0,0
230,2147,15,308,0,21,0,9,0,0
231,2140,14,317,0,20,0,9,0,0
232,2148,13,310,0,20,0,9,0,0
233,2150,13,306,0,21,0,10,0,0
234,2163,12,289,0,25,0,11,0,0
235,2153,12,303,0,21,0,11,0,0
236,2154,12,303,0,20,0,11,0,0
237,2147,12,309,0,21,0,11,0,0
238,2142,12,315,0,20,0,11,0,0
239,2165,12,292,0,19,0,12,0,0
240,2162,11,295,0,19,0,13,0,0
241,2155,11,301,0,20,0,13,0,0
242,2161,11,293,0,21,0,14,0,0
243,2153,11,299,0,21,0,16,0,0
244,2148,11,303,0,22,0,16,0,0
245,2154,11,296,0,22,0,17,0,0
246,2160,11,292,0,21,0,16,0,0
247,2157,11,295,0,21,0,16,0,0
248,2167,11,283,0,22,0,17,0,0
249,2161,11,288,0,22,0,18,0,0
250,2155,11,292,0,23,0,19,0,0
251,2154,11,294,0,23,0,18,0,0
252,2152,11,294,0,25,0,18,0,0
253,2154,11,291,0,26,0,18,0,0
254,2151,11,294,0,25,0,19,0,0
255,2156,11,286,0,27,0,20,0,0
256,2159,11,285,0,25,0,20,0,0
257,2173,11,271,0,24,0,21,0,0
258,2165,11,280,0,20,0,24,0,0
259,2165,9,282,0,20,0,24,0,0
260,2170,9,272,0,22,0,27,0,0
261,2169,9,270,0,21,0,31,0,0
262,2160,9,277,0,22,0,32,0,0
263,2156,9,278,0,23,0,34,0,0
264,2149,9,287,0,18,0,37,0,0
265,2157,9,279,0,18,0,37,0,0
266,2148,9,282,0,21,0,40,0,0
267,2155,9,270,0,24,0,42,0,0
268,2153,9,272,0,24,0,42,0,0
269,2163,9,263,0,22,0,43,0,0
270,2159,9,265,0,22,0,45,0,0
271,2160,8,260,0,24,0,48,0,0
272,2162,8,257,0,23,0,50,0,0
273,2170,8,244,0,24,0,54,0,0
274,2173,8,238,0,25,0,56,0,0
275,2169,8,240,0,24,0,59,0,0
276,2156,8,249,0,24,0,63,0,0
277,2156,8,248,0,24,0,64,0,0
278,2154,8,248,0,23,0,67,0,0
279,2154,8,249,0,22,0,67,0,0
280,2152,8,252,0,21,0,67,0,0
281,2158,8,248,0,21,0,65,0,0
282,2170,8,236,0,19,0,67,0,0
283,2166,8,239,0,17,0,70,0,0
284,2168,8,231,0,20,0,73,0,0
285,2152,8,244,0,20,0,76,0,0
286,2151,8,243,0,20,0,78,0,0
287,2147,7,243,0,21,0,82,0,0
288,2155,7,231,0,20,0,87,0,0
289,2149,6,237,0,21,0,87,0,0
290,2155,6,229,0,22,0,88,0,0
291,2149,6,228,0,23,0,94,0,0
292,2149,7,227,0,23,0,94,0,0
293,2146,7,226,0,25,0,96,0,0
294,2148,7,221,0,25,0,99,0,0
295,2139,7,227,0,26,0,101,0,0
296,2142,7,218,0,24,0,109,0,0
297,2147,7,212,0,24,0,110,0,0
298,2141,7,218,0,24,0,110,0,0
299,2136,6,216,0,25,0,117,0,0
300,2144,6,208,0,26,0,116,0,0
301,2155,6,195,0,26,0,118,0,0
302,2154,5,190,0,29,0,122,0,0
303,2143,5,198,0,30,0,124,0,0
304,2137,5,197,0,32,0,129,0,0
305,2156,5,181,0,25,0,133,0,0
306,2154,4,181,0,24,0,137,0,0
307,2141,4,188,0,24,0,143,0,0
308,2139,4,190,0,20,0,147,0,0
309,2134,4,185,0,20,0,157,0,0
310,2138,4,181,0,22,0,155,0,0
311,2135,4,180,0,21,0,160,0,0
312,2138,5,172,0,24,0,161,0,0
313,2125,5,174,0,27,0,169,0,0
314,2121,6,172,0,26,0,175,0,0
315,2113,6,176,0,29,0,176,0,0
316,2106,6,174,0,29,0,185,0,0
317,2100,6,172,0,33,0,189,0,0
318,2098,6,172,0,33,0,191,0,0
319,2097,6,165,0,36,0,196,0,0
320,2089,7,158,0,43,0,203,0,0
321,2083,7,159,0,41,0,210,0,0
322,2085,7,152,0,42,0,214,0,0
323,2075,6,154,0,45,0,220,0,0
324,2076,5,146,0,50,0,223,0,0
325,2071,5,147,0,51,0,226,0,0
326,2067,5,137,0,58,0,233,0,0
327,2061,5,137,0,56,0,241,0,0
328,2066,5,134,0,47,0,248,0,0
329,2069,5,124,0,55,0,247,0,0
330,2054,5,131,0,59,0,251,0,0
331,2050,5,128,0,64,0,253,0,0
332,2044,5,126,0,65,0,260,0,0
333,2031,5,128,0,68,0,268,0,0
334,2023,5,127,0,73,0,272,0,0
335,2022,5,124,0,75,0,274,0,0
336,2027,5,118,0,79,0,271,0,0
337,2026,5,114,0,81,0,274,0,0
338,2017,5,111,0,82,0,284,0,1
339,2010,5,109,0,85,0,290,0,1
340,2012,5,111,0,81,0,290,0,1
341,2009,5,109,0,84,0,292,0,1
342,1999,5,107,0,92,0,296,0,1
343,1997,3,113,0,92,0,294,0,1
344,1994,3,109,0,91,0,302,0,1
345,1981,3,109,0,96,0,309,0,2
346,1977,3,102,0,102,0,313,0,3
347,1980,3,97,0,101,0,314,0,5
348,1986,3,97,0,97,0,312,0,5
349,1982,3,97,0,101,0,311,0,6
350,1969,3,95,0,103,0,323,0,7
351,1963,3,96,0,105,0,326,0,7
352,1951,2,99,0,105,0,335,0,8
353,1951,2,94,0,104,0,341,0,8
354,1956,2,89,0,106,0,338,0,9
355,1952,2,85,0,115,0,336,0,10
356,1943,2,86,0,115,0,344,0,10
357,1941,2,82,0,120,0,345,0,10
358,1939,2,80,0,117,0,351,0,11
359,1946,2,82,0,105,0,353,0,12
360,1928,2,82,0,114,0,362,0,12
361,1925,2,79,0,119,0,362,0,13
362,1931,2,79,0,113,0,363,0,12
363,1924,2,81,0,113,0,367,0,13
364,1929,2,76,0,114,0,364,0,15
365,1916,2,74,0,126,0,367,0,15
366,1923,2,72,0,119,0,369,0,15
367,1916,2,70,0,120,0,375,0,17
368,1902,2,70,0,130,0,378,0,18
369,1904,2,69,0,124,0,382,0,19
370,1902,2,69,0,124,0,385,0,18
371,1913,2,69,0,117,0,382,0,17
372,1910,2,66,0,123,0,380,0,19
373,1900,2,59,0,136,0,385,0,18
374,1910,2,58,0,124,0,387,0,19
375,1898,2,59,0,130,0,389,0,22
376,1889,2,54,0,135,0,397,0,23
377,1887,2,54,0,139,0,395,0,23
378,1879,2,53,0,146,0,396,0,24
379,1877,2,49,0,151,0,395,0,26
380,1892,2,46,0,140,0,394,0,26
381,1885,2,47,0,142,0,398,0,26
382,1876,2,46,0,143,0,406,0,27
383,1882,2,43,0,133,0,411,0,29
384,1868,2,43,0,138,0,419,0,30
385,1855,2,42,0,144,0,424,0,33
386,1854,2,42,0,144,0,423,0,35
387,1855,2,42,0,148,0,417,0,36
388,1848,2,40,0,149,0,425,0,36
389,1853,2,39,0,140,0,426,0,40
390,1826,2,39,0,157,0,434,0,42
391,1832,2,37,0,142,0,442,0,45
392,1837,2,37,0,135,0,443,0,46
393,1839,2,37,0,133,0,440,0,49
394,1846,2,36,0,132,0,434,0,50
395,1849,2,37,0,127,0,434,0,51
396,1846,2,36,0,133,0,431,0,52
397,1839,2,38,0,135,0,431,0,55
398,1834,2,39,0,137,0,431,0,57
399,1827,2,41,0,135,0,439,0,56
400,1831,2,38,0,132,0,435,0,62
401,1831,2,37,0,129,0,437,0,64
402,1833,2,38,0,127,0,436,0,64
403,1835,2,37,0,131,0,430,0,65
404,1827,2,32,0,137,0,434,0,68
405,1836,2,30,0,129,0,433,0,70
406,1837,2,31,0,132,0,429,0,69
407,1847,2,32,0,127,0,423,0,69
408,1826,2,32,0,141,0,427,0,72
409,1803,2,31,0,147,0,441,0,76
410,1805,2,31,0,137,0,447,0,78
411,1812,2,31,0,128,0,446,0,81
412,1805,2,32,0,129,0,450,0,82
413,1810,2,32,0,123,0,447,0,86
414,1810,2,29,0,121,0,450,0,88
415,1802,2,29,0,115,0,459,0,93
416,1801,2,29,0,116,0,461,0,91
417,1802,2,30,0,116,0,456,0,94
418,1794,2,29,0,118,0,458,0,99
419,1799,2,28,0,104,0,462,0,105
420,1797,2,26,0,110,0,454,0,111
421,1792,2,26,0,114,0,455,0,111
422,1798,2,26,0,109,0,450,0,115
423,1800,2,25,0,103,0,454,0,116
424,1797,2,24,0,103,0,456,0,118
425,1786,2,24,0,106,0,461,0,121
426,1797,2,24,0,98,0,460,0,119
427,1790,2,24,0,99,0,466,0,119
428,1778,2,24,0,103,0,466,0,127
429,1779,2,23,0,106,0,464,0,126
430,1785,2,23,0,99,0,462,0,129
431,1781,2,23,0,99,0,462,0,133
432,1777,2,23,0,101,0,460,0,137
433,1783,2,23,0,94,0,465,0,133
434,1771,2,22,0,94,0,470,0,141
435,1775,2,20,0,87,0,472,0,144
436,1778,2,20,0,87,0,466,0,147
437,1766,2,20,0,90,0,475,0,147
438,1761,2,19,0,86,0,476,0,156
439,1755,2,20,0,81,0,483,0,159
440,1746,2,20,0,80,0,488,0,164
441,1744,2,19,0,77,0,489,0,169
442,1744,2,18,0,79,0,481,0,176
443,1740,2,18,0,83,0,480,0,177
444,1747,2,16,0,79,0,479,0,177
445,1749,2,15,0,77,0,476,0,181
446,1741,2,15,0,81,0,478,0,183
447,1748,2,15,0,73,0,480,0,182
448,1743,2,15,0,71,0,479,0,190
449,1733,2,15,0,72,0,480,0,198
450,1734,2,15,0,68,0,476,0,205
451,1728,2,15,0,76,0,474,0,205
452,1730,2,14,0,69,0,474,0,211
453,1723,2,14,0,70,0,476,0,215
454,1722,2,14,0,66,0,476,0,220
455,1718,2,14,0,63,0,480,0,223
456,1716,2,14,0,61,0,479,0,228
457,1708,2,13,0,57,0,489,0,231
458,1697,2,13,0,60,0,490,0,238
459,1691,2,13,0,60,0,489,0,245
460,1693,2,13,0,56,0,488,0,248
461,1695,2,13,0,52,0,484,0,254
462,1688,2,13,0,52,0,489,0,256
463,1667,2,13,0,55,0,496,0,267
464,1654,2,13,0,56,0,502,0,273
465,1656,2,13,0,57,0,501,0,271
466,1653,2,13,0,60,0,497,0,275
467,1650,2,13,0,56,0,499,0,280
468,1639,2,13,0,53,0,503,0,290
469,1636,2,13,0,57,0,502,0,290
470,1634,2,12,0,55,0,499,0,298
471,1634,2,12,0,51,0,495,0,306
472,1625,2,11,0,54,0,498,0,310
473,1631,2,11,0,55,0,491,0,310
474,1620,2,11,0,54,0,496,0,317
475,1610,2,11,0,55,0,487,0,335
476,1618,2,11,0,48,0,484,0,337
477,1616,2,10,0,47,0,484,0,341
478,1611,2,10,0,49,0,480,0,348
479,1603,2,10,0,48,0,483,0,354
480,1593,2,11,0,50,0,485,0,359
481,1579,2,11,0,56,0,491,0,361
482,1596,2,11,0,45,0,485,0,361
483,1584,2,11,0,43,0,490,0,370
484,1563,2,10,0,40,0,494,0,391
485,1580,1,8,0,41,0,483,0,387
486,1580,1,7,0,46,0,478,0,388
487,1575,1,8,0,48,0,478,0,390
488,1560,1,7,0,51,0,483,0,398
489,1554,1,7,0,48,0,479,0,411
490,1547,1,7,0,49,0,480,0,416
491,1545,1,6,0,46,0,481,0,421
492,1543,1,6,0,45,0,480,0,425
493,1539,1,6,0,44,0,479,0,431
494,1547,1,6,0,40,0,474,0,432
495,1551,1,6,0,43,0,472,0,427
496,1544,1,6,0,40,0,467,0,442
497,1535,1,6,0,44,0,469,0,445
498,1530,1,6,0,39,0,471,0,453
499,1529,1,6,0,36,0,468,0,460
500,1522,1,6,0,34,0,471,0,466
501,1520,0,6,0,37,0,463,0,474
502,1509,0,6,0,37,0,463,0,485
503,1515,0,6,0,35,0,454,0,490
504,1517,0,6,0,37,0,448,0,492
505,1504,0,6,0,38,0,454,0,498
506,1496,0,6,0,38,0,452,0,508
507,1490,0,6,0,36,0,454,0,514
508,1488,0,5,0,37,0,451,0,519
509,1473,0,5,0,38,0,450,0,534
510,1466,0,4,0,35,0,452,0,543
511,1451,0,4,0,33,0,454,0,558
512,1450,0,3,0,31,0,450,0,566
513,1439,0,3,0,35,0,448,0,575
514,1426,0,3,0,35,0,444,0,592
515,1422,0,3,0,33,0,438,0,604
516,1417,0,3,0,34,0,435,0,611
517,1406,0,3,0,33,0,438,0,620
518,1407,0,3,0,28,0,437,0,625
519,1421,0,2,0,26,0,428,0,623
520,1407,0,2,0,27,0,430,0,634
521,1390,0,2,0,27,0,428,0,653
522,1385,0,2,0,29,0,426,0,658
523,1371,0,3,0,30,0,424,0,672
524,1362,0,3,0,32,0,424,0,679
525,1358,0,3,0,32,0,418,0,689
526,1352,0,3,0,31,0,421,0,693
527,1352,0,3,0,29,0,420,0,696
528,1353,0,2,0,29,0,418,0,698
529,1346,0,2,0,30,0,409,0,713
530,1355,0,2,0,28,0,402,0,713
531,1353,0,1,0,27,0,400,0,719
532,1327,0,1,0,26,0,408,0,738
533,1303,0,1,0,29,0,410,0,757
534,1296,0,1,0,31,0,409,0,763
535,1287,0,1,0,31,0,413,0,768
536,1296,0,1,0,30,0,404,0,769
537,1288,0,1,0,30,0,397,0,784
538,1275,0,1,0,28,0,399,0,797
539,1273,0,1,0,29,0,390,0,807
540,1260,0,1,0,30,0,389,0,820
541,1261,0,1,0,29,0,385,0,824
542,1253,0,1,0,34,0,380,0,832
543,1243,0,1,0,27,0,386,0,843
544,1232,0,1,0,27,0,391,0,849
545,1231,0,1,0,30,0,385,0,853
546,1221,0,1,0,29,0,387,0,862
547,1217,0,1,0,28,0,379,0,875
548,1203,0,1,0,30,0,376,0,890
549,1208,0,1,0,32,0,370,0,889
550,1212,0,1,0,27,0,365,0,895
551,1202,0,1,0,28,0,358,0,911
552,1196,0,1,0,24,0,359,0,920
553,1188,0,1,0,29,0,358,0,924
554,1181,0,1,0,27,0,353,0,938
555,1169,0,1,0,26,0,353,0,951
556,1166,0,1,0,24,0,357,0,952
557,1167,0,1,0,25,0,355,0,952
558,1163,0,1,0,27,0,353,0,956
559,1161,0,1,0,27,0,350,0,961
560,1152,0,1,0,25,0,345,0,977
561,1140,0,1,0,27,0,342,0,990
562,1142,0,1,0,25,0,339,0,993
563,1145,0,1,0,23,0,337,0,994
564,1127,0,1,0,20,0,337,0,1015
565,1122,0,1,0,21,0,338,0,1018
566,1116,0,1,0,21,0,324,0,1038
567,1111,0,1,0,20,0,323,0,1045
568,1097,0,1,0,18,0,325,0,1059
569,1081,0,1,0,18,0,326,0,1074
570,1082,0,0,0,17,0,321,0,1080
571,1078,0,0,0,17,0,322,0,1083
572,1079,0,0,0,17,0,320,0,1084
573,1077,0,0,0,17,0,318,0,1088
574,1059,0,0,0,17,0,314,0,1110
575,1055,0,0,0,14,0,308,0,1123
576,1050,0,0,0,13,0,303,0,1134
577,1028,0,0,0,13,0,298,0,1161
578,1035,0,0,0,9,0,295,0,1161
579,1035,0,0,0,9,0,287,0,1169
580,1029,0,0,0,7,0,284,0,1180
581,1027,0,0,0,7,0,281,0,1185
582,1018,0,0,0,6,0,280,0,1196
583,1009,0,0,0,5,0,275,0,1211
584,995,0,0,0,3,0,273,0,1229
585,979,0,0,0,2,0,270,0,1249
586,967,0,0,0,3,0,271,0,1259
587,963,0,0,0,3,0,269,0,1265
588,968,0,0,0,3,0,267,0,1262
589,960,0,0,0,2,0,264,0,1274
590,969,0,0,0,2,0,261,0,1268
591,967,0,0,0,3,0,255,0,1275
592,962,0,0,0,3,0,253,0,1282
593,953,0,0,0,4,0,252,0,1291
594,948,0,0,0,4,0,247,0,1301
595,929,0,0,0,2,0,247,0,1322
596,916,0,0,0,1,0,243,0,1340
597,916,0,0,0,1,0,243,0,1340
598,929,0,0,0,1,0,239,0,1331
599,915,0,0,0,1,0,238,0,1346
600,908,0,0,0,1,0,233,0,1358
601,900,0,0,0,1,0,231,0,1368
602,877,0,0,0,1,0,233,0,1389
603,883,0,0,0,1,0,232,0,1384
604,865,0,0,0,1,0,232,0,1402
605,853,0,0,0,1,0,231,0,1415
606,848,0,0,0,1,0,229,0,1422
607,844,0,0,0,0,0,228,0,1428
608,835,0,0,0,1,0,229,0,1435
609,824,0,0,0,0,0,224,0,1452
610,823,0,0,0,0,0,223,0,1454
611,826,0,0,0,0,0,219,0,1455
612,814,0,0,0,1,0,218,0,1467
613,816,0,0,0,1,0,218,0,1465
614,801,0,0,0,1,0,217,0,1481
615,789,0,0,0,1,0,217,0,1493
616,771,0,0,0,1,0,212,0,1516
617,760,0,0,0,0,0,212,0,1528
618,777,0,0,0,0,0,204,0,1519
619,778,0,0,0,0,0,203,0,1519
620,775,0,0,0,0,0,203,0,1522
621,781,0,0,0,0,0,202,0,1517
622,757,0,0,0,0,0,200,0,1543
623,754,0,0,0,1,0,196,0,1549
624,772,0,0,0,1,0,190,0,1537
625,764,0,0,0,1,0,188,0,1547
626,735,0,0,0,1,0,187,0,1577
627,732,0,0,0,1,0,182,0,1585
628,723,0,0,0,1,0,178,0,1598
629,717,0,0,0,1,0,176,0,1606
630,715,0,0,0,0,0,177,0,1608
631,725,0,0,0,0,0,174,0,1601
632,724,0,0,0,1,0,171,0,1604
633,719,0,0,0,1,0,167,0,1613
634,697,0,0,0,1,0,165,0,1637
635,700,0,0,0,0,0,161,0,1639
636,691,0,0,0,0,0,162,0,1647
637,675,0,0,0,0,0,164,0,1661
638,672,0,0,0,0,0,167,0,1661
639,668,0,0,0,0,0,165,0,1667
640,666,0,0,0,0,0,162,0,1672
641,661,0,0,0,0,0,157,0,1682
642,659,0,0,0,0,0,155,0,1686
643,644,0,0,0,1,0,156,0,1699
644,653,0,0,0,0,0,153,0,1694
645,649,0,0,0,0,0,150,0,1701
646,643,0,0,0,0,0,149,0,1708
647,636,0,0,0,0,0,152,0,1712
648,637,0,0,0,1,0,149,0,1713
649,640,0,0,0,0,0,147,0,1713
650,638,0,0,0,1,0,143,0,1718
651,640,0,0,0,1,0,144,0,1715
652,634,0,0,0,1,0,144,0,1721
653,617,0,0,0,1,0,146,0,1736
654,606,0,0,0,1,0,142,0,1751
655,605,0,0,0,0,0,140,0,1755
656,602,0,0,0,0,0,141,0,1757
657,599,0,0,0,0,0,141,0,1760
658,584,0,0,0,0,0,138,0,1778
659,563,0,0,0,1,0,134,0,1802
660,555,0,0,0,1,0,131,0,1813
661,557,0,0,0,1,0,130,0,1812
662,553,0,0,0,1,0,131,0,1815
663,554,0,0,0,1,0,130,0,1815
664,542,0,0,0,1,0,127,0,1830
665,541,0,0,0,1,0,126,0,1832
666,559,0,0,0,1,0,122,0,1818
667,560,0,0,0,1,0,120,0,1819
668,546,0,0,0,1,0,120,0,1833
669,552,0,0,0,1,0,120,0,1827
670,528,0,0,0,1,0,121,0,1850
671,510,0,0,0,1,0,122,0,1867
672,529,0,0,0,1,0,119,0,1851
673,521,0,0,0,1,0,117,0,1861
674,506,0,0,0,1,0,117,0,1876
675,504,0,0,0,1,0,119,0,1876
676,510,0,0,0,1,0,117,0,1872
677,506,0,0,0,1,0,116,0,1877
678,495,0,0,0,1,0,116,0,1888
679,497,0,0,0,1,0,118,0,1884
680,493,0,0,0,1,0,113,0,1893
681,478,0,0,0,2,0,111,0,1909
682,473,0,0,0,2,0,111,0,1914
683,479,0,0,0,2,0,112,0,1907
684,476,0,0,0,2,0,110,0,1912
685,462,0,0,0,2,0,109,0,1927
686,450,0,0,0,2,0,108,0,1940
687,437,0,0,0,2,0,107,0,1954
688,444,0,0,0,2,0,104,0,1950
689,455,0,0,0,1,0,105,0,1939
690,459,0,0,0,1,0,104,0,1936
691,439,0,0,0,1,0,104,0,1956
692,427,0,0,0,1,0,102,0,1970
693,426,0,0,0,1,0,101,0,1972
694,430,0,0,0,1,0,100,0,1969
695,425,0,0,0,1,0,98,0,1976
696,416,0,0,0,2,0,98,0,1984
697,404,0,0,0,2,0,97,0,1997
698,391,0,0,0,2,0,98,0,2009
699,404,0,0,0,2,0,93,0,2001
700,413,0,0,0,3,0,94,0,1990
701,374,0,0,0,3,0,95,0,2028
702,373,0,0,0,3,0,95,0,2029
703,379,0,0,0,2,0,91,0,2028
704,380,0,0,0,2,0,89,0,2029
705,368,0,0,0,1,0,90,0,2041
706,362,0,0,0,2,0,89,0,2047
707,361,0,0,0,1,0,89,0,2049
708,336,0,0,0,1,0,90,0,2073
709,328,0,0,0,1,0,89,0,2082
710,336,0,0,0,1,0,88,0,2075
711,347,0,0,0,1,0,89,0,2063
712,357,0,0,0,1,0,89,0,2053
713,361,0,0,0,2,0,87,0,2050
714,353,0,0,0,2,0,85,0,2060
715,332,0,0,0,1,0,85,0,2082
716,335,0,0,0,1,0,86,0,2078
717,329,0,0,0,1,0,85,0,2085
718,327,0,0,0,1,0,84,0,2088
719,341,0,0,0,1,0,84,0,2074
720,358,0,0,0,1,0,84,0,2057
721,348,0,0,0,1,0,85,0,2066
722,348,0,0,0,1,0,83,0,2068
723,348,0,0,0,1,0,80,0,2071
724,344,0,0,0,1,0,79,0,2076
725,342,0,0,0,1,0,82,0,2075
726,350,0,0,0,1,0,82,0,2067
727,359,0,1,0,1,0,81,0,2058
728,345,0,1,0,1,0,80,0,2073
729,353,0,1,0,1,0,80,0,2065
730,334,0,1,0,1,0,80,0,2084
731,331,0,1,0,1,0,79,0,2088
732,326,0,1,0,2,0,78,0,2093
733,306,0,1,0,2,0,77,0,2114
734,299,0,0,0,1,0,77,0,2123
735,282,0,0,0,1,0,77,0,2140
736,311,0,0,0,2,0,75,0,2112
737,328,0,0,0,1,0,74,0,2097
738,320,0,0,0,1,0,75,0,2104
739,314,0,0,0,1,0,76,0,2109
740,323,0,0,0,1,0,75,0,2101
741,310,0,0,0,2,0,75,0,2113
742,297,0,0,0,2,0,75,0,2126
743,295,0,0,0,1,0,74,0,2130
744,316,0,0,0,3,0,73,0,2108
745,309,0,0,0,4,0,74,0,2113
746,314,0,0,0,4,0,73,0,2109
747,330,0,0,0,4,0,71,0,2095
748,320,0,0,0,2,0,72,0,2106
749,322,0,0,0,2,0,71,0,2105
750,310,0,0,0,2,0,70,0,2118
751,315,0,0,0,2,0,70,0,2113
752,316,0,0,0,2,0,69,0,2113
753,316,0,0,0,2,0,69,0,2113
754,319,0,0,0,2,0,69,0,2110
755,331,0,0,0,2,0,69,0,2098
756,313,0,0,0,1,0,67,0,2119
757,317,0,0,0,1,0,67,0,2115
758,318,0,0,0,1,0,67,0,2114
759,318,0,0,0,0,0,66,0,2116
760,318,0,0,0,0,0,67,0,2115
761,317,0,0,0,0,0,66,0,2117
762,314,0,0,0,0,0,63,0,2123
763,333,0,0,0,0,0,64,0,2103
764,347,0,0,0,0,0,64,0,2089
765,327,0,0,0,0,0,64,0,2109
766,336,0,0,0,1,0,63,0,2100
767,341,0,0,0,0,0,63,0,2096
768,327,0,0,0,0,0,63,0,2110
769,314,0,0,0,0,0,63,0,2123
770,309,0,0,0,0,0,65,0,2126
771,322,0,0,0,0,0,65,0,2113
772,328,0,0,0,0,0,66,0,2106
773,317,0,0,0,1,0,66,0,2116
774,311,0,0,0,1,0,65,0,2123
775,320,0,0,0,1,0,65,0,2114
776,327,0,0,0,1,0,66,0,2106
777,332,0,0,0,1,0,65,0,2102
778,334,0,0,0,1,0,65,0,2100
779,339,0,0,0,1,0,65,0,2095
780,334,0,0,0,1,0,65,0,2100
781,332,0,0,0,2,0,63,0,2103
782,321,0,0,0,1,0,62,0,2116
783,333,0,0,0,1,0,62,0,2104
784,317,0,0,0,1,0,61,0,2121
785,291,0,0,0,2,0,61,0,2146
786,308,0,0,0,2,0,60,0,2130
787,327,0,0,0,2,0,59,0,2112
788,321,0,0,0,1,0,59,0,2119
789,321,0,0,0,1,0,59,0,2119
790,329,0,0,0,1,1,58,0,2111
791,346,0,0,0,1,1,59,0,2093
792,340,0,0,0,2,1,57,0,2100
793,347,0,0,0,2,1,57,0,2093
794,349,0,0,0,3,1,56,0,2091
795,341,0,0,0,3,1,55,0,2100
796,327,0,0,0,3,1,54,0,2115
797,325,0,0,0,3,1,54,0,2117
798,333,0,0,0,1,1,55,0,2110
799,354,0,0,0,1,1,51,0,2093
800,371,0,0,0,2,1,51,0,2075
